{"status": {"scharr_date": "Source", "actdep": "16:25", "actarr_date": "Source", "schdep": "16:25", "actarr": "Source", "latemin": null, "has_departed": true, "scharr": "Source", "has_arrived": false}, "start_date": "09-01-2020", "debit": 2, "station": {"name": "NEW DELHI", "lat": 28.6139391, "code": "NDLS", "lng": 77.2090212}, "response_code": 200, "train": {"number": "12314", "name": "SDAH RAJDHANI EXPRESS", "days": [{"runs": "Y", "code": "MON"}, {"runs": "Y", "code": "TUE"}, {"runs": "Y", "code": "WED"}, {"runs": "Y", "code": "THU"}, {"runs": "Y", "code": "FRI"}, {"runs": "Y", "code": "SAT"}, {"runs": "Y", "code": "SUN"}], "classes": [{"name": "SLEEPER CLASS", "available": "N", "code": "SL"}, {"name": "FIRST AC", "available": "Y", "code": "1A"}, {"name": "SECOND AC", "available": "Y", "code": "2A"}, {"name": "FIRST CLASS", "available": "N", "code": "FC"}, {"name": "3rd AC ECONOMY", "available": "N", "code": "3E"}, {"name": "THIRD AC", "available": "Y", "code": "3A"}, {"name": "AC CHAIR CAR", "available": "N", "code": "CC"}, {"name": "SECOND SEATING", "available": "N", "code": "2S"}]}, "position": "Departed from Shikohabad Jn at 19:12 09-Jan. 246 Kms. ahead of New Delhi."}