{"journey_class": {"name": "SLEEPER CLASS", "code": "SL"}, "debit": 0, "to_station": {"name": "SEALDAH", "lat": 22.5676461, "code": "SDAH", "lng": 88.3707442}, "quota": {"name": "GENERAL QUOTA", "code": "GN"}, "train": {"number": "12314", "name": "SDAH RAJDHANI EXPRESS", "days": [{"runs": "Y", "code": "MON"}, {"runs": "Y", "code": "TUE"}, {"runs": "Y", "code": "WED"}, {"runs": "Y", "code": "THU"}, {"runs": "Y", "code": "FRI"}, {"runs": "Y", "code": "SAT"}, {"runs": "Y", "code": "SUN"}], "classes": [{"name": "SLEEPER CLASS", "available": "N", "code": "SL"}, {"name": "FIRST AC", "available": "Y", "code": "1A"}, {"name": "SECOND AC", "available": "Y", "code": "2A"}, {"name": "FIRST CLASS", "available": "N", "code": "FC"}, {"name": "3rd AC ECONOMY", "available": "N", "code": "3E"}, {"name": "THIRD AC", "available": "Y", "code": "3A"}, {"name": "AC CHAIR CAR", "available": "N", "code": "CC"}, {"name": "SECOND SEATING", "available": "N", "code": "2S"}]}, "response_code": 200, "from_station": {"name": "NEW DELHI", "lat": 28.6139391, "code": "NDLS", "lng": 77.2090212}, "fare": null}