{"train": {"number": "31838", "name": "KNJ-SDAH LOCAL", "days": [{"runs": "Y", "code": "MON"}, {"runs": "Y", "code": "TUE"}, {"runs": "Y", "code": "WED"}, {"runs": "Y", "code": "THU"}, {"runs": "Y", "code": "FRI"}, {"runs": "Y", "code": "SAT"}, {"runs": "N", "code": "SUN"}], "classes": [{"name": "SLEEPER CLASS", "available": "-", "code": "SL"}, {"name": "FIRST AC", "available": "-", "code": "1A"}, {"name": "SECOND AC", "available": "-", "code": "2A"}, {"name": "FIRST CLASS", "available": "-", "code": "FC"}, {"name": "3rd AC ECONOMY", "available": "-", "code": "3E"}, {"name": "THIRD AC", "available": "-", "code": "3A"}, {"name": "AC CHAIR CAR", "available": "-", "code": "CC"}, {"name": "SECOND SEATING", "available": "-", "code": "2S"}]}, "response_code": 200, "debit": 1}