{"train": {"number": "12314", "name": "SDAH RAJDHANI EXPRESS", "days": [{"runs": "Y", "code": "MON"}, {"runs": "Y", "code": "TUE"}, {"runs": "Y", "code": "WED"}, {"runs": "Y", "code": "THU"}, {"runs": "Y", "code": "FRI"}, {"runs": "Y", "code": "SAT"}, {"runs": "Y", "code": "SUN"}], "classes": [{"name": "SLEEPER CLASS", "available": "N", "code": "SL"}, {"name": "FIRST AC", "available": "Y", "code": "1A"}, {"name": "SECOND AC", "available": "Y", "code": "2A"}, {"name": "FIRST CLASS", "available": "N", "code": "FC"}, {"name": "3rd AC ECONOMY", "available": "N", "code": "3E"}, {"name": "THIRD AC", "available": "Y", "code": "3A"}, {"name": "AC CHAIR CAR", "available": "N", "code": "CC"}, {"name": "SECOND SEATING", "available": "N", "code": "2S"}]}, "route": [{"no": 1, "distance": 0.0, "schdep": "16:25", "day": 1, "halt": -1, "station": {"name": "NEW DELHI", "lat": 28.6139391, "code": "NDLS", "lng": 77.2090212}, "scharr": "SOURCE"}, {"no": 2, "distance": 447.0, "schdep": "21:20", "day": 1, "halt": 5, "station": {"name": "KANPUR CENTRAL", "lat": 26.4537015, "code": "CNB", "lng": 80.35125239999999}, "scharr": "21:15"}, {"no": 3, "distance": 791.0, "schdep": "01:45", "day": 2, "halt": 10, "station": {"name": "PT.DEEN DAYAL UPADHYAYA JN.", "lat": 26.499141, "code": "DDU", "lng": 80.31235989999999}, "scharr": "01:35"}, {"no": 4, "distance": 995.0, "schdep": "03:40", "day": 2, "halt": 3, "station": {"name": "GAYA JN", "lat": 24.7913957, "code": "GAYA", "lng": 85.0002336}, "scharr": "03:37"}, {"no": 5, "distance": 1193.0, "schdep": "06:23", "day": 2, "halt": 5, "station": {"name": "DHANBAD JN", "lat": 23.7956531, "code": "DHN", "lng": 86.43038589999999}, "scharr": "06:18"}, {"no": 6, "distance": 1252.0, "schdep": "07:13", "day": 2, "halt": 2, "station": {"name": "ASANSOL JN", "lat": 23.6888636, "code": "ASN", "lng": 86.9660638}, "scharr": "07:11"}, {"no": 7, "distance": 1295.0, "schdep": "07:43", "day": 2, "halt": 2, "station": {"name": "DURGAPUR", "lat": 23.5204443, "code": "DGR", "lng": 87.3119227}, "scharr": "07:41"}, {"no": 8, "distance": 1463.0, "schdep": "DEST", "day": 2, "halt": -1, "station": {"name": "SEALDAH", "lat": 22.5676461, "code": "SDAH", "lng": 88.3707442}, "scharr": "10:10"}], "debit": 1, "response_code": 200}